{
  "ru": {
    "start": "🔥 Салют, {name}!\n\nЯ здесь, чтобы сохранить для Вас лучшее! 🎯\nTikTok 🎵 и Instagram 📸 — быстро, чисто и без водяных знаков.\n\nОтправьте ссылку — и наслаждайтесь! 😉",
    "btn_stats": "📊 Статистика",
    "btn_settings": "⚙ Настройки",
    "btn_about": "ℹ О боте",
    "btn_change_lang": "🌐 Изменить язык",
    "btn_back": "◀ Назад",
    "btn_mp3": "🎧 MP3",
    "choose_language": "🗣 Выберите язык",
    "language_changed": "✔ Язык изменён",
    "stats": "📊 Всего загрузок: {total}\n👤 Ваши загрузки: {user_total}\n\n🎵 TikTok: {tiktok}\n📸 Instagram: {instagram}",
    "about": "ℹ Этот бот создан для скачивания видео без водяных знаков.\n📌 Поддержка: TikTok 🎵 Instagram 📸\n🚀 Быстро, стабильно, бесплатно.\n📩 Контакт: @aelvion",
    "downloading": "⏳ Загрузка...",
    "unknown_link": "⚠ Отправьте ссылку на TikTok или Instagram.",
    "unsupported": "❗ Неподдерживаемая ссылка.",
    "cooldown": "⏳ Подождите 7 секунд",
    "only_two_platforms": "❗ Доступны только TikTok и Instagram",
    "link_expired": "⚠ Ссылка устарела",
    "result_caption": "🎬 {title}\n💾 {size} МБ\n📥 via @SaveSavageBot",
    "mp3_caption": "🎧 MP3 извлечён\n📥 via @SaveSavageBot"
  },

  "en": {
    "start": "🔥 Welcome, {name}!\n\nI keep the best for you 🎯\nTikTok 🎵 Instagram 📸 — fast, clean, no watermark.\n\nSend a link — enjoy! 😉",
    "btn_stats": "📊 Statistics",
    "btn_settings": "⚙ Settings",
    "btn_about": "ℹ About bot",
    "btn_change_lang": "🌐 Change language",
    "btn_back": "◀ Back",
    "btn_mp3": "🎧 MP3",
    "choose_language": "🗣 Choose a language",
    "language_changed": "✔ Language updated",
    "stats": "📊 Total downloads: {total}\n👤 Your downloads: {user_total}\n\n🎵 TikTok: {tiktok}\n📸 Instagram: {instagram}",
    "about": "ℹ This bot downloads videos without watermark.\n📌 Supports TikTok 🎵 Instagram 📸\n🚀 Fast, stable & free.\n📩 Contact: @aelvion",
    "downloading": "⏳ Downloading...",
    "unknown_link": "⚠ Send a TikTok or Instagram link.",
    "unsupported": "❗ Unsupported link.",
    "cooldown": "⏳ Wait 7 seconds",
    "only_two_platforms": "❗ Only TikTok & Instagram supported",
    "link_expired": "⚠ Link expired",
    "result_caption": "🎬 {title}\n💾 {size} MB\n📥 via @SaveSavageBot",
    "mp3_caption": "🎧 MP3 extracted\n📥 via @SaveSavageBot"
  },

  "uz": {
    "start": "🔥 Salom, {name}!\n\nTikTok 🎵 va Instagram 📸 — belgisiz, tez va toza.\nHavolani yuboring — biz yuklaymiz 😉",
    "btn_stats": "📊 Statistika",
    "btn_settings": "⚙ Sozlamalar",
    "btn_about": "ℹ Bot haqida",
    "btn_change_lang": "🌐 Tilni o‘zgartirish",
    "btn_back": "◀ Orqaga",
    "btn_mp3": "🎧 MP3",
    "choose_language": "🗣 Tilni tanlang",
    "language_changed": "✔ Til o‘zgartirildi",
    "stats": "📊 Yuklamalar: {total}\n👤 Sizniki: {user_total}\n🎵 TikTok: {tiktok}\n📸 Instagram: {instagram}",
    "about": "ℹ Bot TikTok va Instagram videolarini yuklaydi.\n🚀 Tez, ishonchli, bepul.\n📩 Aloqa: @aelvion",
    "downloading": "⏳ Yuklanmoqda...",
    "unknown_link": "⚠ TikTok yoki Instagram havola yuboring.",
    "unsupported": "❗ Link qo‘llab-quvvatланмайди.",
    "cooldown": "⏳ 7 soniya kuting",
    "only_two_platforms": "❗ Faqat TikTok & Instagram",
    "link_expired": "⚠ Link eskirgan",
    "result_caption": "🎬 {title}\n💾 {size} MB\n📥 @SaveSavageBot orqali yuklandi",
    "mp3_caption": "🎧 MP3 ajratib olindi\n📥 @SaveSavageBot"
  },

  "kg": {
    "start": "🔥 Салам, {name}!\n\nTikTok 🎵 Instagram 📸 — суу белгисиз таза жүктөө.\nСсылка жибер — видео даяр 😉",
    "btn_stats": "📊 Статистика",
    "btn_settings": "⚙ Орнотуулар",
    "btn_about": "ℹ Бот жөнүндө",
    "btn_change_lang": "🌐 Тилди алмаштыруу",
    "btn_back": "◀ Артка",
    "btn_mp3": "🎧 MP3",
    "choose_language": "🗣 Тилди тандаңыз",
    "language_changed": "✔ Тил алмаштырылды",
    "stats": "📊 Жалпы жүктөөлөр: {total}\n👤 Сиздики: {user_total}\n🎵 TikTok: {tiktok}\n📸 Instagram: {instagram}",
    "about": "ℹ Бул бот TikTok & Instagram видеолорун watermark'сыз жүктөйт.\n🚀 Ыкчам • Туруктуу • Бекер.\n📩 Байланыш: @aelvion",
    "downloading": "⏳ Жүктөлүүдө...",
    "unknown_link": "⚠ TikTok же Instagram ссылка жибериңиз.",
    "unsupported": "❗ Ссылка колдоого алынбайт.",
    "cooldown": "⏳ 7 сек күт",
    "only_two_platforms": "❗ TikTok & Instagram гана жеткиликтүү",
    "link_expired": "⚠ Ссылка мөөнөтү өттү",
    "result_caption": "🎬 {title}\n💾 {size} MB\n📥 @SaveSavageBot",
    "mp3_caption": "🎧 MP3 чыгарылды\n📥 @SaveSavageBot"
  },

  "ar": {
    "start": "🔥 أهلاً {name}!\n\nتحميل TikTok 🎵 Instagram 📸 بدون علامة مائية.\n📩 أرسل الرابط الآن 😉",
    "btn_stats": "📊 الإحصائيات",
    "btn_settings": "⚙ الإعدادات",
    "btn_about": "ℹ حول البوت",
    "btn_change_lang": "🌐 تغيير اللغة",
    "btn_back": "◀ رجوع",
    "btn_mp3": "🎧 MP3",
    "choose_language": "🗣 اختر اللغة",
    "language_changed": "✔ تم تغيير اللغة",
    "stats": "📊 إجمالي التحميلات: {total}\n👤 تحميلاتك: {user_total}\n🎵 TikTok: {tiktok}\n📸 Instagram: {instagram}",
    "about": "ℹ هذا البوت لتنزيل فيديوهات TikTok و Instagram.\n🚀 سريع • ثابت • مجاني.\n📩 تواصل: @aelvion",
    "downloading": "⏳ جارِ التحميل...",
    "unknown_link": "⚠ أرسل رابط TikTok أو Instagram.",
    "unsupported": "❗ رابط غير مدعوم.",
    "cooldown": "⏳ انتظر 7 ثوانٍ",
    "only_two_platforms": "❗ فقط TikTok & Instagram مدعومان",
    "link_expired": "⚠ الرابط منتهي",
    "result_caption": "🎬 {title}\n💾 {size} MB\n📥 @SaveSavageBot",
    "mp3_caption": "🎧 تم استخراج MP3\n📥 @SaveSavageBot"
  },

  "zh": {
    "start": "🔥 你好，{name}!\n\n支持 TikTok 🎵 Instagram 📸 — 极速无水印下载。\n发送链接即可获取视频 😉",
    "btn_stats": "📊 统计数据",
    "btn_settings": "⚙ 设置",
    "btn_about": "ℹ 关于机器人",
    "btn_change_lang": "🌐 语言切换",
    "btn_back": "◀ 返回",
    "btn_mp3": "🎧 MP3",
    "choose_language": "🗣 选择语言",
    "language_changed": "✔ 语言已更改",
    "stats": "📊 总下载次数: {total}\n👤 您的下载: {user_total}\n🎵 TikTok: {tiktok}\n📸 Instagram: {instagram}",
    "about": "ℹ 机器人支持 TikTok/Instagram 下载，无水印高速输出。\n🚀 稳定丨快速丨免费。\n📩 联系: @aelvion",
    "downloading": "⏳ 下载中...",
    "unknown_link": "⚠ 请发送 TikTok 或 Instagram 链接。",
    "unsupported": "❗ 此链接无法处理。",
    "cooldown": "⏳ 请等待7秒",
    "only_two_platforms": "❗ 仅支持 TikTok & Instagram",
    "link_expired": "⚠ 链接已失效",
    "result_caption": "🎬 {title}\n💾 {size}MB\n📥 via @SaveSavageBot",
    "mp3_caption": "🎧 MP3 提取完成\n📥 via @SaveSavageBot"
  },

  "ko": {
    "start": "🔥 안녕하세요, {name}!\n\nTikTok 🎵 Instagram 📸 — 워터마크 없이 빠르게 다운로드.\n📩 링크만 보내세요 😉",
    "btn_stats": "📊 통계",
    "btn_settings": "⚙ 설정",
    "btn_about": "ℹ 봇 정보",
    "btn_change_lang": "🌐 언어 변경",
    "btn_back": "◀ 돌아가기",
    "btn_mp3": "🎧 MP3",
    "choose_language": "🗣 언어 선택",
    "language_changed": "✔ 언어가 변경되었습니다",
    "stats": "📊 총 다운로드: {total}\n👤 내 다운로드: {user_total}\n🎵 TikTok: {tiktok}\n📸 Instagram: {instagram}",
    "about": "ℹ TikTok / Instagram 영상 다운로드 bot.\n🚀 빠르고 안정적이며 무료.\n📩 문의: @aelvion",
    "downloading": "⏳ 다운로드 중...",
    "unknown_link": "⚠ TikTok 또는 Instagram 링크를 보내세요.",
    "unsupported": "❗ 지원되지 않는 링크입니다.",
    "cooldown": "⏳ 7초 기다려주세요",
    "only_two_platforms": "❗ TikTok & Instagram만 사용 가능",
    "link_expired": "⚠ 링크 만료됨",
    "result_caption": "🎬 {title}\n💾 {size}MB\n📥 via @SaveSavageBot",
    "mp3_caption": "🎧 MP3 추출 완료\n📥 via @SaveSavageBot"
  }
}
